-- phpMyAdmin SQL Dump
-- version 5.1.1
-- https://www.phpmyadmin.net/
--
-- Máy chủ: 127.0.0.1:3306
-- Thời gian đã tạo: Th10 29, 2022 lúc 09:56 AM
-- Phiên bản máy phục vụ: 5.7.36
-- Phiên bản PHP: 7.4.26

SET SQL_MODE = "NO_AUTO_VALUE_ON_ZERO";
START TRANSACTION;
SET time_zone = "+00:00";


/*!40101 SET @OLD_CHARACTER_SET_CLIENT=@@CHARACTER_SET_CLIENT */;
/*!40101 SET @OLD_CHARACTER_SET_RESULTS=@@CHARACTER_SET_RESULTS */;
/*!40101 SET @OLD_COLLATION_CONNECTION=@@COLLATION_CONNECTION */;
/*!40101 SET NAMES utf8mb4 */;

--
-- Cơ sở dữ liệu: `demosource_code`
--

-- --------------------------------------------------------

--
-- Cấu trúc bảng cho bảng `admin_info`
--

DROP TABLE IF EXISTS `admin_info`;
CREATE TABLE IF NOT EXISTS `admin_info` (
  `admin_id` int(10) NOT NULL AUTO_INCREMENT,
  `admin_name` varchar(100) NOT NULL,
  `admin_email` varchar(300) NOT NULL,
  `admin_password` varchar(300) NOT NULL,
  PRIMARY KEY (`admin_id`)
) ENGINE=InnoDB AUTO_INCREMENT=2 DEFAULT CHARSET=latin1;

--
-- Đang đổ dữ liệu cho bảng `admin_info`
--

INSERT INTO `admin_info` (`admin_id`, `admin_name`, `admin_email`, `admin_password`) VALUES
(1, 'admin', 'admin@gmail.com', '25f9e794323b453885f5181f1b624d0b');

-- --------------------------------------------------------

--
-- Cấu trúc bảng cho bảng `brands`
--

DROP TABLE IF EXISTS `brands`;
CREATE TABLE IF NOT EXISTS `brands` (
  `brand_id` int(100) NOT NULL AUTO_INCREMENT,
  `brand_title` text NOT NULL,
  PRIMARY KEY (`brand_id`)
) ENGINE=InnoDB AUTO_INCREMENT=7 DEFAULT CHARSET=latin1;

-- --------------------------------------------------------

--
-- Cấu trúc bảng cho bảng `cart`
--

DROP TABLE IF EXISTS `cart`;
CREATE TABLE IF NOT EXISTS `cart` (
  `id` int(10) NOT NULL AUTO_INCREMENT,
  `p_id` int(10) NOT NULL,
  `ip_add` varchar(250) NOT NULL,
  `user_id` int(10) DEFAULT NULL,
  `qty` int(10) NOT NULL,
  PRIMARY KEY (`id`)
) ENGINE=InnoDB AUTO_INCREMENT=72 DEFAULT CHARSET=latin1;

-- --------------------------------------------------------

--
-- Cấu trúc bảng cho bảng `categories`
--

DROP TABLE IF EXISTS `categories`;
CREATE TABLE IF NOT EXISTS `categories` (
  `cat_id` int(100) NOT NULL AUTO_INCREMENT,
  `cat_title` text NOT NULL,
  PRIMARY KEY (`cat_id`)
) ENGINE=InnoDB AUTO_INCREMENT=8 DEFAULT CHARSET=latin1;

--
-- Đang đổ dữ liệu cho bảng `categories`
--

INSERT INTO `categories` (`cat_id`, `cat_title`) VALUES
(1, 'Electronics'),
(2, 'Ladies Wears'),
(3, 'Mens Wear'),
(4, 'Kids Wear'),
(5, 'Furnitures'),
(6, 'Home Appliances'),
(7, 'Electronics Gadgets');

-- --------------------------------------------------------

--
-- Cấu trúc bảng cho bảng `email_info`
--

DROP TABLE IF EXISTS `email_info`;
CREATE TABLE IF NOT EXISTS `email_info` (
  `email_id` int(100) NOT NULL AUTO_INCREMENT,
  `email` text NOT NULL,
  PRIMARY KEY (`email_id`)
) ENGINE=InnoDB AUTO_INCREMENT=7 DEFAULT CHARSET=latin1;

--
-- Đang đổ dữ liệu cho bảng `email_info`
--

INSERT INTO `email_info` (`email_id`, `email`) VALUES
(3, 'admin@gmail.com'),
(4, 'puneethreddy951@gmail.com'),
(5, 'puneethreddy@gmail.com'),
(6, 'bangnguyen01072001@gmail.com');

-- --------------------------------------------------------

--
-- Cấu trúc bảng cho bảng `logs`
--

DROP TABLE IF EXISTS `logs`;
CREATE TABLE IF NOT EXISTS `logs` (
  `id` int(11) NOT NULL AUTO_INCREMENT,
  `user_id` varchar(50) NOT NULL,
  `action` varchar(50) NOT NULL,
  `date` datetime NOT NULL,
  PRIMARY KEY (`id`)
) ENGINE=InnoDB DEFAULT CHARSET=latin1;

-- --------------------------------------------------------

--
-- Cấu trúc bảng cho bảng `orders`
--

DROP TABLE IF EXISTS `orders`;
CREATE TABLE IF NOT EXISTS `orders` (
  `order_id` int(11) NOT NULL AUTO_INCREMENT,
  `user_id` int(11) NOT NULL,
  `product_id` int(11) NOT NULL,
  `qty` int(11) NOT NULL,
  `trx_id` varchar(255) NOT NULL,
  `p_status` varchar(20) NOT NULL,
  PRIMARY KEY (`order_id`)
) ENGINE=InnoDB AUTO_INCREMENT=3 DEFAULT CHARSET=latin1;

--
-- Đang đổ dữ liệu cho bảng `orders`
--

INSERT INTO `orders` (`order_id`, `user_id`, `product_id`, `qty`, `trx_id`, `p_status`) VALUES
(1, 12, 7, 1, '07M47684BS5725041', 'Completed'),
(2, 14, 2, 1, '07M47684BS5725041', 'Completed');

-- --------------------------------------------------------

--
-- Cấu trúc bảng cho bảng `orders_info`
--

DROP TABLE IF EXISTS `orders_info`;
CREATE TABLE IF NOT EXISTS `orders_info` (
  `order_id` int(10) NOT NULL AUTO_INCREMENT,
  `user_id` int(11) NOT NULL,
  `f_name` varchar(255) NOT NULL,
  `email` varchar(255) NOT NULL,
  `address` varchar(255) NOT NULL,
  `city` varchar(255) NOT NULL,
  `state` varchar(255) NOT NULL,
  `zip` int(10) NOT NULL,
  `cardname` varchar(255) NOT NULL,
  `cardnumber` varchar(20) NOT NULL,
  `expdate` varchar(255) NOT NULL,
  `prod_count` int(15) DEFAULT NULL,
  `total_amt` int(15) DEFAULT NULL,
  `cvv` int(5) NOT NULL,
  PRIMARY KEY (`order_id`),
  KEY `user_id` (`user_id`)
) ENGINE=InnoDB AUTO_INCREMENT=3 DEFAULT CHARSET=latin1;

--
-- Đang đổ dữ liệu cho bảng `orders_info`
--

INSERT INTO `orders_info` (`order_id`, `user_id`, `f_name`, `email`, `address`, `city`, `state`, `zip`, `cardname`, `cardnumber`, `expdate`, `prod_count`, `total_amt`, `cvv`) VALUES
(1, 12, 'Puneeth', 'puneethreddy951@gmail.com', 'Bangalore, Kumbalagodu, Karnataka', 'Bangalore', 'Karnataka', 560074, 'pokjhgfcxc', '4321 2345 6788 7654', '12/90', 3, 77000, 1234),
(2, 26, 'nguyenbang', 'bangnguyen01072001@gmail.com', 'an giang', 'An Giang', 'long xuyen', 980000, 'visa', '12345678901', '10/27', 1, 3500, 664);

-- --------------------------------------------------------

--
-- Cấu trúc bảng cho bảng `order_products`
--

DROP TABLE IF EXISTS `order_products`;
CREATE TABLE IF NOT EXISTS `order_products` (
  `order_pro_id` int(10) NOT NULL AUTO_INCREMENT,
  `order_id` int(11) NOT NULL,
  `product_id` int(11) NOT NULL,
  `qty` int(15) DEFAULT NULL,
  `amt` int(15) DEFAULT NULL,
  PRIMARY KEY (`order_pro_id`),
  KEY `order_products` (`order_id`),
  KEY `product_id` (`product_id`)
) ENGINE=InnoDB AUTO_INCREMENT=77 DEFAULT CHARSET=latin1;

-- --------------------------------------------------------

--
-- Cấu trúc bảng cho bảng `products`
--

DROP TABLE IF EXISTS `products`;
CREATE TABLE IF NOT EXISTS `products` (
  `product_id` int(100) NOT NULL AUTO_INCREMENT,
  `product_cat` int(100) NOT NULL,
  `product_brand` int(100) NOT NULL,
  `product_title` varchar(255) NOT NULL,
  `product_price` int(100) NOT NULL,
  `product_desc` text NOT NULL,
  `product_image` text NOT NULL,
  `product_keywords` text NOT NULL,
  PRIMARY KEY (`product_id`)
) ENGINE=InnoDB AUTO_INCREMENT=82 DEFAULT CHARSET=latin1;

-- --------------------------------------------------------

--
-- Cấu trúc bảng cho bảng `user_info`
--

DROP TABLE IF EXISTS `user_info`;
CREATE TABLE IF NOT EXISTS `user_info` (
  `user_id` int(10) NOT NULL AUTO_INCREMENT,
  `first_name` varchar(100) NOT NULL,
  `last_name` varchar(100) NOT NULL,
  `email` varchar(300) NOT NULL,
  `password` varchar(300) NOT NULL,
  `mobile` varchar(10) NOT NULL,
  `address1` varchar(300) NOT NULL,
  `address2` varchar(11) NOT NULL,
  PRIMARY KEY (`user_id`)
) ENGINE=InnoDB AUTO_INCREMENT=27 DEFAULT CHARSET=latin1;

--
-- Đang đổ dữ liệu cho bảng `user_info`
--

INSERT INTO `user_info` (`user_id`, `first_name`, `last_name`, `email`, `password`, `mobile`, `address1`, `address2`) VALUES
(12, 'puneeth', 'Reddy', 'puneethreddy951@gmail.com', 'puneeth', '9448121558', '123456789', 'sdcjns,djc'),
(15, 'hemu', 'ajhgdg', 'puneethreddy951@gmail.com', '346778', '536487276', ',mdnbca', 'asdmhmhvbv'),
(16, 'venky', 'vs', 'venkey@gmail.com', '1234534', '9877654334', 'snhdgvajfehyfygv', 'asdjbhfkeur'),
(19, 'abhishek', 'bs', 'abhishekbs@gmail.com', 'asdcsdcc', '9871236534', 'bangalore', 'hassan'),
(21, 'prajval', 'mcta', 'prajvalmcta@gmail.com', '1234545662', '202-555-01', 'bangalore', 'kumbalagodu'),
(22, 'puneeth', 'v', 'hemu@gmail.com', '1234534', '9877654334', 'snhdgvajfehyfygv', 'asdjbhfkeur'),
(23, 'hemanth', 'reddy', 'hemanth@gmail.com', 'Puneeth@123', '9876543234', 'Bangalore', 'Kumbalagodu'),
(24, 'newuser', 'user', 'newuser@gmail.com', 'puneeth@123', '9535688928', 'Bangalore', 'Kumbalagodu'),
(25, 'otheruser', 'user', 'otheruser@gmail.com', 'puneeth@123', '9535688928', 'Bangalore', 'Kumbalagodu'),
(26, 'nguyá»…n', 'bÄƒng', 'bangnguyen01072001@gmail.com', '12345', '0988848653', 'An Giang', 'an giang');

--
-- Bẫy `user_info`
--
DROP TRIGGER IF EXISTS `after_user_info_insert`;
DELIMITER $$
CREATE TRIGGER `after_user_info_insert` AFTER INSERT ON `user_info` FOR EACH ROW BEGIN 
INSERT INTO user_info_backup VALUES(new.user_id,new.first_name,new.last_name,new.email,new.password,new.mobile,new.address1,new.address2);
END
$$
DELIMITER ;

-- --------------------------------------------------------

--
-- Cấu trúc bảng cho bảng `user_info_backup`
--

DROP TABLE IF EXISTS `user_info_backup`;
CREATE TABLE IF NOT EXISTS `user_info_backup` (
  `user_id` int(10) NOT NULL AUTO_INCREMENT,
  `first_name` varchar(100) NOT NULL,
  `last_name` varchar(100) NOT NULL,
  `email` varchar(300) NOT NULL,
  `password` varchar(300) NOT NULL,
  `mobile` varchar(10) NOT NULL,
  `address1` varchar(300) NOT NULL,
  `address2` varchar(11) NOT NULL,
  PRIMARY KEY (`user_id`)
) ENGINE=InnoDB AUTO_INCREMENT=27 DEFAULT CHARSET=latin1;

--
-- Đang đổ dữ liệu cho bảng `user_info_backup`
--

INSERT INTO `user_info_backup` (`user_id`, `first_name`, `last_name`, `email`, `password`, `mobile`, `address1`, `address2`) VALUES
(12, 'puneeth', 'Reddy', 'puneethreddy951@gmail.com', '123456789', '9448121558', '123456789', 'sdcjns,djc'),
(14, 'hemanthu', 'reddy', 'hemanthreddy951@gmail.com', '123456788', '6526436723', 's,dc wfjvnvn', 'b efhfhvvbr'),
(15, 'hemu', 'ajhgdg', 'keeru@gmail.com', '346778', '536487276', ',mdnbca', 'asdmhmhvbv'),
(16, 'venky', 'vs', 'venkey@gmail.com', '1234534', '9877654334', 'snhdgvajfehyfygv', 'asdjbhfkeur'),
(19, 'abhishek', 'bs', 'abhishekbs@gmail.com', 'asdcsdcc', '9871236534', 'bangalore', 'hassan'),
(20, 'pramod', 'vh', 'pramod@gmail.com', '124335353', '9767645653', 'ksbdfcdf', 'sjrgrevgsib'),
(21, 'prajval', 'mcta', 'prajvalmcta@gmail.com', '1234545662', '202-555-01', 'bangalore', 'kumbalagodu'),
(22, 'puneeth', 'v', 'hemu@gmail.com', '1234534', '9877654334', 'snhdgvajfehyfygv', 'asdjbhfkeur'),
(23, 'hemanth', 'reddy', 'hemanth@gmail.com', 'Puneeth@123', '9876543234', 'Bangalore', 'Kumbalagodu'),
(24, 'newuser', 'user', 'newuser@gmail.com', 'puneeth@123', '9535688928', 'Bangalore', 'Kumbalagodu'),
(25, 'otheruser', 'user', 'otheruser@gmail.com', 'puneeth@123', '9535688928', 'Bangalore', 'Kumbalagodu'),
(26, 'nguyá»…n', 'bÄƒng', 'bangnguyen01072001@gmail.com', '12345', '0988848653', 'An Giang', 'an giang');

--
-- Các ràng buộc cho các bảng đã đổ
--

--
-- Các ràng buộc cho bảng `orders_info`
--
ALTER TABLE `orders_info`
  ADD CONSTRAINT `user_id` FOREIGN KEY (`user_id`) REFERENCES `user_info` (`user_id`);

--
-- Các ràng buộc cho bảng `order_products`
--
ALTER TABLE `order_products`
  ADD CONSTRAINT `order_products` FOREIGN KEY (`order_id`) REFERENCES `orders_info` (`order_id`) ON DELETE NO ACTION ON UPDATE CASCADE,
  ADD CONSTRAINT `product_id` FOREIGN KEY (`product_id`) REFERENCES `products` (`product_id`);
COMMIT;

/*!40101 SET CHARACTER_SET_CLIENT=@OLD_CHARACTER_SET_CLIENT */;
/*!40101 SET CHARACTER_SET_RESULTS=@OLD_CHARACTER_SET_RESULTS */;
/*!40101 SET COLLATION_CONNECTION=@OLD_COLLATION_CONNECTION */;
